police_lat,police_lon,nearest_brts_lat,nearest_brts_lon,crime_area_lat,crime_area_lon,crime_rate_score,crowd_density_lat,crowd_density_lon,crowd_density_score,cctv_coverage_lat,cctv_coverage_lon,cctv_coverage_score,lighting_condition_lat,lighting_condition_lon,lighting_condition_score
23.032449,72.57603,23.145948,72.676601,23.050457,72.600598,23.4,23.104512,72.628161,89.22,23.135264,72.566822,90.96,23.091699,72.536963,77.26
23.109782,72.586343,23.064476,72.580729,23.040301,72.669151,94.81,23.051636,72.682482,93.13,23.022122,72.635988,89.91,23.015012,72.619057,62.37
23.088096,72.679837,23.09448,72.547289,23.079179,72.609324,5.74,23.021256,72.519401,21.59,23.013787,72.519367,67.49,23.067922,72.519069,38.68
23.149557,72.513771,23.079709,72.601528,23.061016,72.548407,58.81,23.06843,72.564948,2.56,23.005044,72.664439,62.97,23.045059,72.544016,99.21
23.088103,72.514527,23.117047,72.550305,23.111873,72.599745,96.83,23.034617,72.507935,30.41,23.123936,72.501299,47.17,23.125357,72.549018,88.09
23.006393,72.622443,23.087579,72.671794,23.120162,72.539344,4.66,23.140397,72.673541,89.47,23.049233,72.5543,77.24,23.045901,72.590937,95.27
23.119592,72.561109,23.093657,72.635341,23.006341,72.690202,46.46,23.023718,72.540043,57.66,23.127704,72.577345,2.22,23.068446,72.613115,3.3
23.015639,72.519611,23.032948,72.688533,23.124839,72.628469,5.37,23.089193,72.608869,17.78,23.123728,72.600663,32.0,23.021644,72.564849,79.46
23.069143,72.50343,23.044757,72.576212,23.122102,72.624964,21.95,23.067536,72.598579,59.58,23.026762,72.502924,65.74,23.105625,72.517191,38.51
23.007584,72.67205,23.101333,72.676835,23.101742,72.569474,22.12,23.01451,72.587516,26.78,23.088088,72.571947,71.74,23.12714,72.521251,56.67
23.10558,72.691161,23.138548,72.642359,23.011331,72.578676,13.4,23.144875,72.680123,76.37,23.011604,72.569684,6.78,23.058513,72.507505,85.0
23.082795,72.683982,23.117229,72.572758,23.104058,72.618937,26.63,23.02257,72.681334,16.6,23.127157,72.669486,59.66,23.095825,72.655252,5.8
23.136843,72.601069,23.096158,72.6218,23.081895,72.654922,0.01,23.023829,72.686019,84.38,23.041671,72.568148,90.88,23.067018,72.505678,42.28
23.114926,72.624403,23.139698,72.672112,23.000945,72.690362,62.32,23.129156,72.650847,34.72,23.120292,72.583336,93.45,23.07563,72.546251,83.72
23.100088,72.56768,23.132041,72.588572,23.015731,72.547846,86.22,23.023609,72.682753,44.72,23.05488,72.583584,50.07,23.099614,72.614579,63.03
23.115497,72.681014,23.023218,72.665804,23.128607,72.696433,89.26,23.033327,72.571429,79.01,23.040095,72.502852,61.33,23.029454,72.614565,8.52
23.055257,72.558457,23.081282,72.514584,23.077664,72.545103,72.62,23.146925,72.577739,12.41,23.040696,72.552875,15.43,23.074439,72.665652,1.88
23.044672,72.564446,23.120267,72.642802,23.098897,72.609365,36.84,23.040634,72.660034,33.47,23.04632,72.537964,81.95,23.047338,72.519033,64.28
23.019057,72.608444,23.132107,72.684255,23.069147,72.592357,28.34,23.11512,72.655894,48.69,23.049215,72.662814,18.0,23.031337,72.618107,18.54
23.08708,72.566533,23.007677,72.535506,23.138778,72.565478,44.31,23.118878,72.638647,39.79,23.061514,72.545794,79.66,23.055014,72.697132,92.87
23.096298,72.617907,23.12576,72.52941,23.135643,72.68165,50.02,23.023813,72.600178,12.93,23.101478,72.500857,6.49,23.050121,72.561983,90.29
23.107271,72.523098,23.088724,72.685337,23.04955,72.608203,21.04,23.045283,72.617901,70.77,23.139616,72.622334,2.92,23.087491,72.672123,20.22
23.024879,72.657775,23.021238,72.606203,23.090504,72.646843,61.09,23.073399,72.665777,6.43,23.030055,72.654129,60.07,23.075167,72.669299,60.17
23.111806,72.646377,23.042476,72.561499,23.098769,72.666969,27.64,23.003394,72.521707,75.91,23.115359,72.693613,16.67,23.122752,72.593262,85.34
23.116775,72.57497,23.086812,72.589487,23.112638,72.625889,58.4,23.016118,72.567766,23.76,23.048341,72.533787,42.78,23.126185,72.649532,99.64
23.000025,72.548235,23.028126,72.666512,23.080408,72.628131,85.03,23.124271,72.580341,60.43,23.142391,72.659174,35.1,23.01048,72.501057,63.13
23.030748,72.664358,23.058353,72.503897,23.093734,72.607001,90.14,23.123524,72.58802,64.71,23.147483,72.512374,71.22,23.071335,72.674328,18.41
23.023249,72.629921,23.101832,72.679953,23.069498,72.660793,7.38,23.135263,72.658703,51.47,23.048657,72.655733,36.79,23.061813,72.509359,94.03
23.116669,72.69221,23.006492,72.549776,23.000547,72.658535,58.66,23.031515,72.547472,48.68,23.039948,72.543919,83.85,23.025126,72.534324,9.78
23.096062,72.542882,23.126175,72.598523,23.018218,72.508564,93.77,23.062529,72.524151,13.49,23.097665,72.578789,65.31,23.000715,72.565285,5.02
23.075555,72.548293,23.045911,72.690352,23.107697,72.645363,13.33,23.061651,72.508957,64.05,23.09009,72.664531,80.29,23.122182,72.515191,40.81
23.105578,72.692918,23.095319,72.561925,23.035131,72.619522,84.38,23.097963,72.67841,93.4,23.080511,72.559894,67.94,23.000692,72.658724,31.45
23.022494,72.675338,23.123538,72.578597,23.025848,72.67906,15.27,23.091005,72.611007,14.9,23.114127,72.542339,65.25,23.128263,72.620007,85.47
23.033232,72.662731,23.060523,72.553449,23.049229,72.51297,62.74,23.002459,72.613502,1.03,23.052623,72.503446,46.38,23.094738,72.667932,54.5
23.070981,72.626693,23.116542,72.624863,23.1066,72.674134,62.95,23.07665,72.681381,5.74,23.040282,72.560367,71.2,23.068508,72.501664,7.5
23.044784,72.66705,23.096744,72.583348,23.02553,72.654678,27.56,23.001917,72.542019,53.5,23.10781,72.636571,18.67,23.03074,72.644313,44.28
23.003805,72.514826,23.117519,72.529754,23.145252,72.617231,44.59,23.041989,72.69044,18.46,23.092826,72.556207,50.09,23.075955,72.579899,90.66
23.016172,72.697838,23.132196,72.57131,23.07887,72.677583,47.45,23.090391,72.685408,80.54,23.14704,72.588612,84.59,23.085782,72.574533,21.9
23.062491,72.601275,23.065338,72.616247,23.086195,72.61186,91.24,23.09301,72.692706,45.74,23.116223,72.644541,17.63,23.07711,72.633374,30.47
23.139496,72.505578,23.138507,72.660124,23.051847,72.574424,87.73,23.055985,72.683897,74.55,23.092366,72.587602,36.8,23.013028,72.503839,38.21
23.13104,72.68544,23.090639,72.616463,23.020081,72.536026,49.77,23.084014,72.625876,82.56,23.069657,72.673746,44.98,23.01959,72.520277,15.42
23.063075,72.595192,23.116678,72.545793,23.005485,72.667156,8.22,23.136903,72.614446,33.86,23.080933,72.636106,77.19,23.106148,72.641017,91.04
23.066454,72.538616,23.147982,72.604344,23.014139,72.560051,10.8,23.014984,72.503197,24.89,23.054167,72.659462,45.9,23.08796,72.611154,30.35
23.076511,72.56917,23.051031,72.527651,23.107433,72.591902,40.78,23.025112,72.627968,83.06,23.096936,72.651211,10.15,23.04072,72.60943,29.17
23.143753,72.507833,23.036173,72.568743,23.049707,72.567892,99.51,23.138696,72.616177,91.09,23.087678,72.654317,38.6,23.007898,72.664672,20.69
23.113117,72.542044,23.042198,72.692996,23.084252,72.643145,21.7,23.110671,72.628127,51.74,23.011968,72.64188,26.06,23.010956,72.626353,9.18
23.087096,72.507309,23.120411,72.530962,23.086347,72.521721,73.93,23.121904,72.6173,23.88,23.130507,72.633587,93.47,23.001563,72.543454,37.22
23.009948,72.659922,23.07382,72.612391,23.057939,72.647314,80.23,23.028,72.517455,33.95,23.095424,72.677204,18.56,23.054664,72.56792,53.44
23.067093,72.543571,23.010037,72.603838,23.12939,72.572761,46.7,23.000995,72.653209,67.47,23.075577,72.628445,72.21,23.00029,72.683834,68.38
23.07599,72.579541,23.136574,72.590094,23.015226,72.681508,48.95,23.129212,72.676266,36.07,23.148372,72.532009,86.78,23.006887,72.611748,95.65
23.121055,72.68011,23.016135,72.587515,23.059884,72.512741,50.16,23.094892,72.655555,20.96,23.105275,72.620503,32.77,23.147828,72.551154,64.36
23.044723,72.622668,23.00659,72.606154,23.093753,72.683144,58.6,23.041488,72.659176,85.15,23.121316,72.520912,86.57,23.06002,72.695414,57.76
23.03892,72.551105,23.097521,72.519768,23.121085,72.664744,40.6,23.068628,72.564126,18.19,23.008165,72.51096,9.87,23.000383,72.610951,26.43
23.059396,72.640406,23.093537,72.549306,23.040353,72.547866,36.74,23.012721,72.655992,43.97,23.050557,72.666193,66.51,23.12319,72.592938,35.19
23.050054,72.509995,23.10457,72.618773,23.104443,72.620047,3.89,23.067249,72.59878,80.44,23.064831,72.579856,26.42,23.029747,72.538065,59.41
23.125636,72.552575,23.087874,72.681151,23.147514,72.51183,20.11,23.032563,72.623861,63.14,23.060322,72.663033,73.98,23.103843,72.673696,77.14
23.059138,72.605499,23.045197,72.679269,23.115074,72.601231,99.84,23.132185,72.64223,1.2,23.085518,72.61852,44.01,23.021264,72.689623,12.06
23.107838,72.682089,23.070468,72.654733,23.030114,72.593143,20.43,23.025863,72.597365,26.95,23.033222,72.682049,33.29,23.040366,72.652805,80.99
23.0444,72.618082,23.00206,72.517312,23.030365,72.642146,27.38,23.051781,72.559598,40.21,23.131662,72.574822,67.05,23.054423,72.544837,99.75
23.092349,72.617114,23.003838,72.613241,23.046404,72.548837,57.36,23.068009,72.510818,95.84,23.063535,72.532877,52.34,23.022724,72.602064,88.84
23.003777,72.587566,23.032104,72.556694,23.039785,72.578034,0.3,23.036854,72.668091,52.75,23.149034,72.53861,20.05,23.12263,72.56355,94.05
23.017271,72.593381,23.108774,72.582538,23.111704,72.594589,75.42,23.087972,72.531469,8.42,23.096971,72.581775,25.21,23.139018,72.566986,79.03
23.113759,72.551831,23.123041,72.581674,23.120845,72.50499,21.1,23.026704,72.67586,89.67,23.14132,72.697616,96.92,23.019209,72.509461,82.33
23.133723,72.694257,23.107541,72.643865,23.119154,72.505772,42.15,23.149528,72.621514,65.59,23.056631,72.68348,64.86,23.116087,72.535189,51.93
23.002159,72.56711,23.044339,72.529798,23.123409,72.589715,48.24,23.023034,72.626368,94.95,23.113072,72.598543,66.64,23.010652,72.548571,62.27
23.096369,72.680498,23.021542,72.507586,23.125873,72.625945,67.02,23.037995,72.654335,75.19,23.043498,72.618609,70.2,23.099331,72.665046,9.28
23.132624,72.635311,23.062233,72.597996,23.120821,72.638605,14.6,23.065829,72.624948,50.9,23.024704,72.609107,33.64,23.001306,72.661182,76.95
23.095361,72.61384,23.100953,72.551438,23.06184,72.660077,16.04,23.02349,72.682085,39.5,23.098152,72.65343,61.03,23.094012,72.593036,25.0
23.125026,72.565029,23.070477,72.609662,23.013469,72.69921,69.85,23.098448,72.550243,10.55,23.089954,72.578876,64.79,23.133005,72.555058,33.16
23.076812,72.579186,23.057095,72.615701,23.038359,72.544798,70.22,23.117358,72.657376,70.11,23.024555,72.575566,41.64,23.060104,72.506565,89.84
23.083641,72.50564,23.06153,72.626716,23.012412,72.644381,43.99,23.131289,72.534625,33.7,23.099025,72.539894,55.86,23.0636,72.666865,24.72
23.135024,72.581273,23.049645,72.569206,23.012006,72.54693,3.31,23.035128,72.529532,61.21,23.120749,72.565456,18.61,23.063189,72.576535,19.15
23.022877,72.578855,23.000767,72.579585,23.142996,72.614254,81.65,23.146505,72.630819,86.92,23.100327,72.57891,16.19,23.093536,72.511568,59.2
23.041252,72.580146,23.000981,72.637585,23.014988,72.69197,26.37,23.027939,72.556558,76.02,23.129657,72.574063,4.49,23.091659,72.538998,29.66
23.020814,72.660871,23.112864,72.698036,23.098806,72.576771,34.94,23.148401,72.594218,71.38,23.074014,72.591461,22.62,23.006033,72.567162,86.35
23.014556,72.548161,23.020127,72.602031,23.129688,72.660537,70.49,23.054046,72.686243,9.37,23.005193,72.599914,81.15,23.125638,72.661315,45.52
23.06878,72.676563,23.030793,72.652085,23.111833,72.634045,93.18,23.037566,72.532983,67.24,23.062577,72.656472,43.45,23.127648,72.622109,77.19
23.113195,72.543889,23.070819,72.567556,23.011193,72.532164,41.95,23.000433,72.503094,5.69,23.107903,72.612811,75.15,23.114759,72.604233,14.79
23.040772,72.665439,23.058224,72.512815,23.092273,72.6294,24.8,23.109992,72.65022,1.86,23.081097,72.694616,4.74,23.077851,72.693601,74.54
23.033254,72.625474,23.130407,72.626979,23.130473,72.691987,60.34,23.100239,72.520346,53.68,23.111639,72.510006,36.52,23.016676,72.559341,58.56
23.143427,72.549896,23.088865,72.675382,23.043282,72.584179,31.4,23.133617,72.551999,51.58,23.085576,72.57556,85.84,23.146169,72.651689,82.64
23.112829,72.533619,23.099492,72.667353,23.096142,72.585092,32.52,23.04398,72.561598,87.87,23.092837,72.571429,53.62,23.094883,72.589858,42.36
23.009426,72.673668,23.0422,72.690878,23.061049,72.641645,2.03,23.145501,72.657992,76.83,23.000269,72.576007,92.26,23.136686,72.642449,29.64
23.020842,72.516425,23.095296,72.648639,23.073046,72.656401,47.8,23.12079,72.663457,26.63,23.064268,72.631763,10.41,23.010821,72.568689,71.65
23.131359,72.553702,23.10619,72.624472,23.048573,72.544132,6.05,23.084329,72.598172,6.45,23.017546,72.51616,81.09,23.059418,72.596588,51.01
23.135035,72.571406,23.053377,72.544732,23.028267,72.62588,34.45,23.032644,72.56861,97.35,23.118024,72.603289,60.5,23.148273,72.559624,30.13
23.144909,72.692298,23.124621,72.557753,23.119554,72.543079,55.66,23.073237,72.621502,58.1,23.142344,72.545201,23.55,23.02843,72.581829,23.47
23.004045,72.51636,23.121559,72.530692,23.073776,72.568635,8.0,23.02865,72.611599,38.02,23.141583,72.524483,50.68,23.039654,72.527934,90.29
23.018235,72.577928,23.144316,72.603655,23.138133,72.577378,85.63,23.06632,72.691029,72.24,23.149263,72.691052,59.82,23.103735,72.690476,83.82
23.042521,72.544378,23.097285,72.691385,23.096309,72.624262,78.66,23.031302,72.568058,4.13,23.054896,72.66009,22.89,23.042605,72.519628,75.17
23.013925,72.638611,23.104831,72.556941,23.00544,72.639463,36.61,23.005838,72.699409,54.79,23.03568,72.654137,17.67,23.131402,72.626847,55.55
23.050704,72.526079,23.100593,72.604718,23.005655,72.697371,54.67,23.061413,72.569691,96.87,23.080736,72.591989,49.03,23.104629,72.545774,61.69
23.074478,72.625296,23.105487,72.557448,23.078073,72.593442,72.34,23.119793,72.502407,96.44,23.091257,72.553696,40.9,23.142263,72.684623,73.4
23.134523,72.513944,23.117826,72.619619,23.025855,72.574654,82.56,23.066724,72.605367,58.34,23.118675,72.626236,63.01,23.069589,72.54277,97.44
23.023237,72.647938,23.123388,72.531677,23.002936,72.540613,73.19,23.118207,72.612208,6.27,23.033372,72.636245,11.14,23.006714,72.624253,38.24
23.011005,72.597068,23.094374,72.603271,23.121292,72.678148,45.67,23.006877,72.550461,12.77,23.060564,72.656033,20.87,23.019748,72.574713,99.36
23.077038,72.640968,23.063639,72.615858,23.131787,72.607297,57.38,23.131055,72.503853,44.31,23.1293,72.682376,96.51,23.132974,72.513294,55.39
23.028466,72.527613,23.12053,72.545584,23.02255,72.576387,88.32,23.137799,72.576945,58.59,23.146502,72.540839,60.04,23.039064,72.581992,46.42
23.130162,72.518166,23.014614,72.518175,23.106291,72.517844,69.72,23.070274,72.50727,88.4,23.104842,72.528486,53.49,23.10593,72.57753,60.1
23.062874,72.510228,23.098216,72.660884,23.01874,72.638598,36.07,23.062072,72.673326,32.03,23.048662,72.685143,64.82,23.042861,72.601401,85.92
23.015082,72.631024,23.103205,72.660584,23.030727,72.557602,3.68,23.075313,72.598977,37.98,23.001286,72.631555,27.65,23.09479,72.59888,99.32
23.09008,72.644797,23.126938,72.699576,23.067658,72.594768,16.86,23.127267,72.613812,94.78,23.000405,72.59323,54.0,23.073235,72.678341,85.39
23.035671,72.584708,23.106772,72.564759,23.042952,72.638917,90.22,23.058601,72.557034,69.61,23.040923,72.687406,41.67,23.04426,72.535832,1.27
23.018845,72.608585,23.071759,72.647927,23.041824,72.582348,30.17,23.016113,72.52174,28.54,23.129,72.539552,53.51,23.013171,72.566592,41.76
23.12856,72.529388,23.103108,72.662619,23.104703,72.544477,7.37,23.088465,72.682406,40.09,23.00685,72.659961,69.84,23.052751,72.556089,38.21
23.147021,72.66752,23.019114,72.564284,23.086125,72.591608,22.17,23.001216,72.567364,0.88,23.064699,72.696972,33.44,23.040269,72.59923,91.69
23.027054,72.523146,23.077024,72.554362,23.099456,72.690017,25.41,23.121575,72.611084,65.64,23.058891,72.624824,6.77,23.058863,72.509162,11.95
23.062548,72.623075,23.048096,72.59573,23.009301,72.637054,21.38,23.060856,72.50097,42.84,23.044247,72.661891,7.67,23.091808,72.626031,64.81
23.085587,72.571353,23.109399,72.600593,23.100743,72.508646,36.01,23.111985,72.52787,45.4,23.033775,72.669913,26.72,23.035142,72.690178,96.85
23.118625,72.681498,23.120429,72.574474,23.121522,72.625429,44.8,23.085052,72.641451,31.77,23.096306,72.616592,10.82,23.110535,72.578351,72.04
23.047057,72.692145,23.024878,72.664538,23.031075,72.692712,99.33,23.119408,72.530611,27.02,23.085173,72.564714,60.61,23.08776,72.591783,72.69
23.094587,72.678145,23.072476,72.656736,23.024993,72.557519,98.58,23.051272,72.581079,24.16,23.058099,72.551193,64.44,23.149801,72.551076,55.26
23.137786,72.595859,23.022349,72.619831,23.072392,72.553324,22.52,23.041999,72.687566,51.31,23.030694,72.588078,94.82,23.094402,72.598088,8.11
23.088361,72.558152,23.137274,72.662921,23.145304,72.697681,0.68,23.041495,72.553892,75.78,23.054703,72.508419,9.27,23.12918,72.520186,41.14
23.053148,72.508055,23.081582,72.626611,23.024341,72.608247,56.11,23.09036,72.615185,55.82,23.065281,72.57275,61.48,23.116142,72.525132,76.9
23.02217,72.508023,23.02179,72.518883,23.073566,72.59252,72.54,23.084,72.532002,51.09,23.103794,72.562252,37.9,23.049726,72.582036,38.99
23.060323,72.607744,23.055261,72.586361,23.037265,72.560921,79.88,23.010301,72.606046,67.9,23.144678,72.520752,35.46,23.068685,72.679736,43.98
23.127306,72.697958,23.023758,72.571341,23.080589,72.617859,98.36,23.121713,72.677119,48.53,23.011204,72.593831,61.17,23.0459,72.616592,73.16
23.094124,72.599755,23.080683,72.549654,23.015888,72.524965,97.9,23.106774,72.530841,91.63,23.05259,72.54221,32.68,23.087457,72.646299,99.57
23.011869,72.507799,23.112519,72.556643,23.013606,72.622374,60.84,23.020266,72.684632,16.52,23.011876,72.634308,87.5,23.021874,72.508656,84.53
23.127625,72.549952,23.011825,72.52324,23.09953,72.519672,88.37,23.070941,72.697261,97.01,23.072552,72.635896,51.14,23.067084,72.638316,65.13
23.118014,72.581172,23.088155,72.560942,23.076058,72.666955,59.75,23.099355,72.543951,51.49,23.070365,72.511385,53.09,23.020596,72.521935,88.03
23.09356,72.578541,23.076068,72.680594,23.107678,72.627406,30.65,23.048338,72.676312,77.55,23.045571,72.597235,45.11,23.148998,72.549715,40.57
23.118421,72.655158,23.093183,72.688876,23.040428,72.64079,65.96,23.013278,72.516621,59.53,23.112516,72.519805,20.75,23.110811,72.675084,60.27
23.04471,72.546841,23.08935,72.623545,23.004628,72.665449,54.72,23.031151,72.538138,21.67,23.033061,72.581714,14.97,23.017173,72.547976,84.14
23.126307,72.509768,23.14911,72.516534,23.090236,72.636395,62.63,23.081158,72.667897,32.69,23.090996,72.67023,22.81,23.132337,72.649159,54.36
23.138957,72.590084,23.004467,72.633586,23.135297,72.57362,45.72,23.069415,72.682825,27.95,23.061662,72.638042,89.26,23.077317,72.527557,5.49
23.062078,72.556341,23.130422,72.670021,23.026433,72.668018,96.28,23.093656,72.666322,86.83,23.017703,72.557236,36.66,23.04353,72.61726,35.86
23.06583,72.69322,23.135957,72.643027,23.12492,72.656164,80.34,23.100366,72.516174,80.13,23.08954,72.622171,93.98,23.050151,72.683163,31.03
23.146459,72.693881,23.038294,72.665209,23.067755,72.575475,31.87,23.111324,72.683552,9.12,23.016251,72.538242,0.86,23.057777,72.519076,28.08
23.055348,72.524865,23.086958,72.599157,23.043931,72.510407,50.16,23.090365,72.693428,47.75,23.082682,72.61465,47.91,23.019381,72.598731,91.83
23.13324,72.688562,23.014578,72.643523,23.064789,72.583078,47.84,23.091,72.574676,65.41,23.136511,72.635627,80.18,23.057894,72.508039,26.6
23.092252,72.614242,23.140001,72.586042,23.120373,72.632085,65.11,23.062602,72.669222,44.52,23.115364,72.676376,50.96,23.092109,72.648759,41.67
23.086556,72.609571,23.051516,72.524089,23.14326,72.60645,70.07,23.133721,72.583414,74.8,23.023493,72.609861,17.29,23.115678,72.601201,0.64
23.127782,72.68981,23.080658,72.675604,23.061336,72.58409,74.25,23.047336,72.595298,85.79,23.100987,72.624552,61.68,23.008115,72.501432,73.47
23.120547,72.519058,23.134148,72.617498,23.032752,72.572267,50.67,23.079827,72.656005,72.31,23.139093,72.523309,73.14,23.110791,72.515239,62.67
23.006698,72.626399,23.121558,72.694226,23.010234,72.588312,19.18,23.040568,72.672477,12.83,23.016082,72.517215,89.75,23.061345,72.612337,70.84
23.083576,72.524427,23.058064,72.651549,23.074666,72.595861,85.52,23.081689,72.592784,79.26,23.068322,72.570397,82.15,23.040625,72.570884,8.83
23.066309,72.550217,23.047811,72.665322,23.14399,72.681324,68.34,23.021049,72.50886,6.51,23.125005,72.663912,40.11,23.077832,72.66583,24.52
23.065797,72.698798,23.110578,72.508686,23.091041,72.601804,70.8,23.142266,72.526649,84.39,23.076475,72.645567,9.43,23.063911,72.522626,80.23
23.090424,72.649947,23.0855,72.52793,23.104281,72.582897,68.35,23.108146,72.520449,4.08,23.02845,72.614446,83.92,23.055915,72.577626,39.91
23.04834,72.524027,23.028003,72.552353,23.057093,72.546311,95.32,23.056788,72.606005,81.29,23.088888,72.642669,89.16,23.017232,72.612337,21.32
23.089753,72.564177,23.145656,72.59679,23.095142,72.529863,49.51,23.111429,72.60894,55.0,23.091682,72.544182,37.57,23.046698,72.672809,75.52
23.042822,72.537351,23.080601,72.585582,23.031227,72.648381,86.82,23.08211,72.639687,77.47,23.119737,72.579359,87.13,23.041458,72.521373,42.97
23.048972,72.645107,23.024817,72.611498,23.0726,72.521602,77.15,23.114264,72.69044,68.46,23.079529,72.579079,88.43,23.137929,72.573854,44.01
23.05995,72.602595,23.059408,72.66717,23.06335,72.687967,13.61,23.081952,72.646119,58.92,23.072232,72.663316,69.88,23.108837,72.66338,51.67
23.000549,72.524634,23.126848,72.660246,23.051504,72.540727,25.55,23.125888,72.641282,25.27,23.032702,72.64861,94.02,23.019551,72.50037,67.92
23.130071,72.597924,23.04542,72.509354,23.103466,72.536419,89.64,23.04793,72.619226,61.9,23.143079,72.686653,5.03,23.121224,72.63004,88.86
23.13866,72.54638,23.093671,72.560541,23.024584,72.604324,95.17,23.122468,72.652883,39.39,23.051517,72.625905,52.38,23.011109,72.534736,76.05
23.088396,72.633859,23.017626,72.503309,23.079973,72.500301,64.91,23.002674,72.60695,49.08,23.084389,72.618503,83.36,23.075807,72.65842,90.11
23.089831,72.69525,23.069287,72.567995,23.019367,72.646805,24.2,23.081645,72.673273,19.2,23.054739,72.679802,96.64,23.092929,72.620485,7.81
23.075209,72.556442,23.141942,72.569913,23.086111,72.666046,56.57,23.125173,72.698296,3.26,23.101505,72.558129,64.6,23.08624,72.679304,94.58
23.076005,72.621529,23.07363,72.53458,23.110399,72.615521,46.28,23.097746,72.503055,81.45,23.017767,72.545288,50.93,23.023838,72.567852,89.0
23.094036,72.674271,23.047909,72.532249,23.146093,72.631627,95.52,23.085738,72.607377,17.38,23.023505,72.619831,55.59,23.030874,72.56237,93.31
23.05971,72.603504,23.082913,72.597462,23.022585,72.637243,47.3,23.029233,72.699017,98.63,23.11034,72.607598,53.17,23.147662,72.699607,25.21
23.131759,72.631879,23.147319,72.509302,23.069764,72.51038,69.15,23.073709,72.544395,10.31,23.066965,72.588507,34.34,23.011019,72.511999,60.23
23.010924,72.585425,23.070832,72.664716,23.040145,72.580646,75.58,23.059312,72.543208,26.11,23.112265,72.539971,72.57,23.09655,72.529222,83.51
23.132043,72.572632,23.101124,72.515743,23.005672,72.64193,33.99,23.073203,72.605286,75.34,23.090364,72.530704,25.81,23.108922,72.6669,43.66
23.142489,72.603435,23.058382,72.516582,23.138172,72.667216,10.37,23.059787,72.632186,73.41,23.142517,72.607498,15.82,23.034587,72.584324,32.03
23.041916,72.608632,23.042143,72.634072,23.071872,72.560944,26.23,23.086047,72.567515,48.27,23.125307,72.692437,86.22,23.116985,72.520454,30.42
23.107433,72.560698,23.142273,72.650005,23.036797,72.57048,5.34,23.073687,72.681886,25.33,23.022403,72.614507,58.0,23.140868,72.689211,57.9
23.083388,72.525376,23.130001,72.663762,23.073109,72.523737,15.48,23.088995,72.595366,20.31,23.147372,72.502221,99.71,23.024441,72.529833,53.07
23.064699,72.622884,23.033656,72.572493,23.01783,72.542144,18.1,23.050394,72.681419,77.6,23.070792,72.534923,31.1,23.04266,72.598129,16.87
23.144308,72.651305,23.073686,72.614726,23.14314,72.505693,63.48,23.113588,72.570055,99.92,23.070188,72.585119,87.06,23.083221,72.633548,29.09
23.132966,72.52009,23.097403,72.540382,23.125622,72.500805,19.39,23.035055,72.553804,86.52,23.145363,72.533366,20.35,23.039061,72.517899,55.68
23.000939,72.540732,23.141373,72.568003,23.045616,72.612897,19.08,23.146627,72.683077,90.11,23.146878,72.605719,10.78,23.00618,72.661037,61.09
23.015718,72.61868,23.023161,72.564358,23.060339,72.694101,12.17,23.016561,72.594172,58.62,23.059983,72.610835,99.89,23.129252,72.539848,99.19
23.09051,72.547613,23.106879,72.673479,23.100467,72.602684,63.48,23.077595,72.561298,11.86,23.063006,72.683439,78.47,23.126594,72.615323,39.11
23.069904,72.609033,23.123789,72.60175,23.071749,72.668888,95.81,23.047153,72.50705,26.87,23.031986,72.680773,50.44,23.060679,72.675102,24.98
23.095647,72.618583,23.135924,72.645451,23.073411,72.562417,38.81,23.090951,72.652879,50.69,23.104993,72.51521,0.6,23.099484,72.517933,94.96
23.105387,72.689,23.02191,72.545812,23.05726,72.606426,40.79,23.035134,72.559136,51.77,23.003448,72.602573,4.78,23.129487,72.501078,47.42
23.14393,72.634906,23.06403,72.660744,23.140214,72.554767,95.88,23.050815,72.673459,80.03,23.043866,72.616126,57.7,23.032128,72.589148,25.42
23.057714,72.611702,23.035776,72.54475,23.117747,72.675581,83.37,23.044239,72.558891,90.43,23.103519,72.571989,55.91,23.102272,72.600198,79.29
23.0145,72.598385,23.123255,72.531454,23.065474,72.692558,51.96,23.025913,72.556872,30.29,23.101743,72.534352,53.41,23.032561,72.601667,56.25
23.08514,72.604014,23.138264,72.609148,23.045751,72.68938,14.51,23.065672,72.659611,26.17,23.060481,72.589352,88.35,23.116787,72.560816,97.27
23.095581,72.52189,23.025557,72.560696,23.01276,72.616103,3.58,23.00586,72.687999,71.8,23.081719,72.600879,65.54,23.070829,72.62755,90.28
23.037182,72.518864,23.074659,72.603558,23.069365,72.662507,35.36,23.097509,72.656471,36.1,23.035062,72.506193,29.49,23.123267,72.653245,60.72
23.035762,72.60679,23.042018,72.679876,23.087419,72.648488,86.41,23.139954,72.632421,49.85,23.015466,72.636806,6.53,23.11677,72.501038,6.05
23.083273,72.65949,23.125626,72.512917,23.079419,72.664592,65.91,23.042179,72.68249,77.06,23.14576,72.527884,3.44,23.071466,72.675687,9.36
23.057024,72.553459,23.123657,72.610824,23.007413,72.595911,2.62,23.147267,72.639477,24.5,23.049461,72.568296,87.06,23.020006,72.55176,66.21
23.05946,72.526009,23.140684,72.522398,23.069398,72.662948,78.91,23.135347,72.638306,62.08,23.027796,72.518264,77.88,23.037071,72.535952,10.93
23.006932,72.693312,23.001399,72.652496,23.002895,72.582246,23.24,23.094948,72.608557,60.1,23.086978,72.597877,87.48,23.143521,72.59593,5.87
23.077516,72.59166,23.034058,72.504976,23.055974,72.609914,89.92,23.097115,72.523252,78.8,23.006491,72.672073,78.55,23.063504,72.677031,89.9
23.056539,72.644064,23.069761,72.610025,23.07811,72.650937,91.51,23.074324,72.660815,1.25,23.075485,72.589827,10.13,23.102571,72.593599,49.63
23.144849,72.575996,23.010545,72.54714,23.056126,72.595316,96.87,23.049449,72.646348,76.33,23.04696,72.605929,33.83,23.145255,72.645363,6.5
23.056335,72.664381,23.06847,72.533274,23.143578,72.543702,86.1,23.048197,72.618755,65.91,23.082826,72.593695,4.8,23.115825,72.693324,32.84
23.142783,72.654955,23.124337,72.656628,23.128911,72.67018,67.14,23.03632,72.613159,39.73,23.035439,72.595438,97.31,23.045196,72.530886,85.28
23.138622,72.584841,23.115459,72.543413,23.093257,72.619602,70.59,23.081873,72.573414,10.93,23.030654,72.537147,10.85,23.073369,72.674012,85.54
23.097656,72.576414,23.065163,72.531723,23.072996,72.670453,16.58,23.021349,72.528588,96.29,23.107639,72.655557,81.85,23.018392,72.623912,62.8
23.039632,72.568333,23.01635,72.681398,23.09386,72.57789,22.54,23.057574,72.677155,16.81,23.136375,72.55182,47.54,23.023508,72.585754,30.95
23.041438,72.549531,23.04433,72.560011,23.130744,72.501528,8.3,23.039013,72.636698,2.36,23.044437,72.633742,37.88,23.032735,72.596196,39.07
23.007979,72.529861,23.064573,72.505484,23.04657,72.54508,81.32,23.143324,72.583772,27.75,23.075047,72.654025,3.27,23.109869,72.634399,93.35
23.029153,72.65047,23.119531,72.570517,23.01674,72.572387,15.85,23.004545,72.655236,26.59,23.054963,72.592409,94.8,23.09549,72.634624,58.52
23.140774,72.512296,23.121481,72.526183,23.041419,72.688157,73.94,23.067982,72.538114,60.98,23.096253,72.527179,88.42,23.086631,72.596753,98.61
23.005055,72.677009,23.00619,72.540763,23.03064,72.64219,98.09,23.026422,72.546505,56.04,23.13063,72.674954,64.54,23.046957,72.550144,79.56
23.039933,72.557028,23.050688,72.654111,23.023728,72.551018,55.12,23.141073,72.59515,9.23,23.068237,72.646528,23.26,23.099948,72.640204,96.88
23.102619,72.686004,23.026619,72.659816,23.078228,72.556389,19.69,23.059876,72.601572,44.41,23.047319,72.679969,63.47,23.037335,72.674672,62.63
23.026295,72.604609,23.1142,72.511201,23.112377,72.674604,33.64,23.081549,72.591623,46.25,23.062762,72.699548,74.15,23.131578,72.69484,75.82
23.149496,72.509347,23.029183,72.675531,23.037973,72.53789,49.84,23.143902,72.623224,95.88,23.147826,72.654402,80.98,23.038338,72.513667,40.86
23.056628,72.570742,23.119277,72.689216,23.0561,72.641965,13.21,23.044037,72.54961,76.68,23.045257,72.577504,99.73,23.054511,72.663817,94.66
23.071219,72.542668,23.063291,72.622667,23.12616,72.626793,8.35,23.083104,72.669755,80.61,23.022869,72.594806,79.08,23.145489,72.562873,77.96
23.010957,72.62327,23.087552,72.599182,23.130028,72.525276,73.93,23.106818,72.682185,67.26,23.135915,72.631705,69.01,23.123286,72.566632,24.5
23.006358,72.57714,23.09111,72.549755,23.088038,72.699153,37.39,23.067384,72.668911,27.22,23.032966,72.525283,92.33,23.06595,72.50085,20.41
23.073563,72.560066,23.061378,72.601564,23.051396,72.62532,6.44,23.069005,72.609383,61.79,23.057702,72.673265,89.89,23.140397,72.535968,84.13
23.040205,72.611322,23.059774,72.506252,23.108768,72.514501,44.47,23.109348,72.544811,67.45,23.132326,72.648613,7.74,23.066385,72.629913,63.46
23.097558,72.684663,23.078313,72.648357,23.082089,72.585441,57.14,23.134952,72.585596,59.4,23.005874,72.656649,32.45,23.095812,72.608113,84.37
23.023304,72.57913,23.141536,72.5854,23.054058,72.551394,85.51,23.003525,72.584776,97.97,23.116571,72.601551,79.65,23.091359,72.629555,59.66
23.047241,72.622815,23.009392,72.637981,23.105283,72.629071,35.38,23.079869,72.502606,64.8,23.008962,72.58523,64.2,23.019671,72.524332,24.41
23.135565,72.61726,23.062248,72.62342,23.125951,72.668531,18.85,23.010129,72.525116,18.93,23.049745,72.522587,24.82,23.094265,72.61126,75.17
23.02238,72.625287,23.093748,72.685581,23.017275,72.555468,64.25,23.134402,72.567499,95.67,23.138333,72.685185,17.53,23.127373,72.697145,70.67
23.080003,72.549565,23.129576,72.573511,23.004057,72.695312,70.72,23.087626,72.624515,41.4,23.065067,72.59018,75.35,23.071372,72.651526,70.03
23.072123,72.548968,23.135868,72.659307,23.110899,72.522748,45.91,23.004175,72.558517,56.81,23.046535,72.522834,54.95,23.047184,72.579761,99.0
23.124555,72.621117,23.117752,72.654333,23.067432,72.563289,95.89,23.056931,72.532359,42.2,23.148532,72.533851,7.57,23.105375,72.569919,91.75
23.14881,72.646565,23.066074,72.646144,23.004724,72.637652,21.0,23.021936,72.592276,61.08,23.106275,72.568363,24.83,23.117608,72.586486,82.97
23.059098,72.681866,23.046737,72.585099,23.082557,72.592242,22.71,23.027083,72.644761,29.92,23.00201,72.68096,73.12,23.100861,72.553964,79.85
23.079012,72.507094,23.149301,72.676486,23.090978,72.572931,74.23,23.047815,72.575861,33.3,23.031729,72.56537,28.03,23.032357,72.517601,11.97
23.052999,72.692304,23.068685,72.590333,23.136449,72.631497,40.49,23.147879,72.510903,81.89,23.095911,72.618927,36.2,23.145282,72.57495,74.36
23.104448,72.571533,23.032838,72.583347,23.010022,72.569694,50.16,23.135669,72.648899,12.91,23.059759,72.570616,7.53,23.067603,72.552982,35.48
23.083395,72.574254,23.142099,72.694836,23.077758,72.508078,41.2,23.085583,72.629966,34.48,23.06364,72.511419,98.73,23.015385,72.597964,6.02
23.024997,72.57603,23.076806,72.604325,23.093729,72.69124,95.75,23.11149,72.515254,90.73,23.032226,72.565273,5.66,23.142548,72.500187,51.57
23.077191,72.622561,23.093166,72.613691,23.013816,72.571818,7.28,23.003919,72.583966,81.06,23.13713,72.669854,25.29,23.019579,72.526444,22.96
23.03223,72.586292,23.07669,72.596422,23.124161,72.63362,34.1,23.069319,72.517755,69.74,23.006822,72.674826,73.21,23.103301,72.66472,73.86
23.066067,72.64793,23.101806,72.520638,23.082398,72.561168,4.64,23.056205,72.578376,22.95,23.020288,72.509642,37.57,23.026811,72.632478,96.24
23.07792,72.62798,23.006159,72.506008,23.054825,72.605719,1.44,23.045491,72.572694,9.44,23.021628,72.693379,39.89,23.123406,72.618643,91.39
23.034586,72.505166,23.079705,72.666153,23.139248,72.560102,2.4,23.044953,72.672561,21.12,23.071272,72.517335,53.56,23.017762,72.585607,50.38
23.13498,72.507761,23.055652,72.563012,23.144126,72.652402,50.11,23.003658,72.502211,4.54,23.043039,72.687632,91.97,23.060153,72.534269,58.16
23.000185,72.559685,23.146725,72.611144,23.134603,72.675857,64.92,23.093478,72.60796,13.49,23.096729,72.531879,33.18,23.148376,72.523898,42.44
23.125345,72.511563,23.049144,72.542729,23.02867,72.593986,19.33,23.048236,72.526408,58.69,23.016616,72.56076,12.72,23.118504,72.603493,28.41
23.043259,72.609628,23.136016,72.590824,23.052347,72.519396,54.37,23.094564,72.574977,3.35,23.001354,72.588316,1.6,23.130476,72.575995,87.63
23.094076,72.682242,23.020268,72.634297,23.062025,72.68003,85.96,23.123439,72.65336,36.05,23.118647,72.541805,21.61,23.073404,72.533308,86.8
23.098653,72.511231,23.075287,72.599701,23.103637,72.608823,10.41,23.038128,72.614276,69.16,23.143231,72.654529,40.13,23.038602,72.570045,78.46
23.066051,72.585173,23.032675,72.623112,23.110192,72.541838,65.22,23.12145,72.510214,13.0,23.097238,72.650844,10.47,23.007816,72.520448,31.37
23.036741,72.638447,23.027114,72.609834,23.116487,72.540906,8.89,23.098851,72.527648,33.72,23.004994,72.584844,1.64,23.000269,72.561663,34.34
23.108599,72.692239,23.126129,72.546665,23.126156,72.679425,82.01,23.0204,72.64626,91.82,23.087061,72.651733,87.89,23.038889,72.615543,3.46
23.030194,72.500749,23.147044,72.515771,23.062279,72.566503,88.18,23.069746,72.647282,51.66,23.127146,72.603404,64.07,23.107157,72.640854,66.47
23.106464,72.569132,23.146571,72.53345,23.080346,72.548538,80.55,23.013073,72.523608,38.24,23.128646,72.546734,10.32,23.109437,72.552175,2.35
23.0225,72.693341,23.032088,72.688476,23.108319,72.559552,20.45,23.127438,72.640068,32.49,23.042232,72.624279,30.64,23.063248,72.657007,3.43
23.141128,72.683229,23.039245,72.51114,23.032156,72.595105,40.66,23.046877,72.571843,32.23,23.147303,72.684484,66.41,23.009773,72.602906,47.99
23.070302,72.558713,23.068689,72.530072,23.016535,72.604414,86.55,23.024095,72.514115,29.14,23.106979,72.596768,40.72,23.002175,72.624177,89.83
23.038128,72.632532,23.143459,72.583044,23.044056,72.69938,31.13,23.033339,72.552006,9.83,23.065171,72.685175,98.27,23.079262,72.549691,32.82
23.054911,72.697808,23.129002,72.653122,23.120408,72.562092,32.63,23.054557,72.544711,3.87,23.073502,72.668034,91.73,23.008864,72.527457,59.23
23.057197,72.586409,23.141966,72.593556,23.062028,72.552232,50.85,23.083179,72.614715,93.45,23.035432,72.592643,59.65,23.047685,72.609666,26.49
23.083703,72.625904,23.112799,72.501306,23.003579,72.693618,19.51,23.107869,72.633269,97.27,23.086605,72.514027,39.25,23.041306,72.645566,9.08
23.00029,72.674062,23.033632,72.597956,23.076431,72.671176,53.74,23.035243,72.514078,97.43,23.007212,72.546841,85.38,23.1422,72.654978,15.06
23.061,72.64022,23.019107,72.693694,23.066581,72.504366,10.99,23.046769,72.610962,2.34,23.065986,72.684245,57.07,23.107658,72.685741,64.86
23.046915,72.654136,23.130682,72.577209,23.11447,72.653439,9.85,23.04262,72.531762,90.73,23.044977,72.625981,54.29,23.059069,72.571424,52.17
23.147939,72.69088,23.096996,72.589642,23.027882,72.662845,29.67,23.075255,72.615046,23.91,23.032145,72.567071,16.74,23.035843,72.521116,54.77
23.007928,72.62622,23.120905,72.615569,23.128125,72.586845,51.14,23.010398,72.523055,68.56,23.01723,72.624164,26.27,23.070461,72.513158,50.6
23.120691,72.569319,23.037855,72.502965,23.091722,72.590586,62.74,23.076462,72.665627,61.95,23.141717,72.682966,19.29,23.048824,72.614386,69.54
23.128107,72.608368,23.011904,72.503301,23.089672,72.651184,17.51,23.114947,72.605866,10.65,23.063291,72.670769,11.3,23.063895,72.561083,8.17
23.096922,72.617669,23.087546,72.594442,23.086421,72.580732,56.59,23.114938,72.635527,34.77,23.100407,72.639454,47.6,23.117175,72.697597,48.49
23.004948,72.526083,23.141275,72.653836,23.126721,72.659542,14.81,23.147463,72.570921,29.85,23.09834,72.614164,37.46,23.004519,72.627184,96.06
23.005809,72.637833,23.056671,72.515103,23.095151,72.519796,0.15,23.122725,72.61839,21.08,23.058384,72.532188,44.84,23.066808,72.554985,85.85
23.134694,72.603451,23.016841,72.691869,23.07307,72.661878,18.74,23.052549,72.575201,46.49,23.026861,72.528809,85.64,23.111953,72.515621,2.02
23.0999,72.530246,23.046682,72.511615,23.047784,72.6262,50.53,23.096355,72.646859,57.5,23.002933,72.585245,61.89,23.13148,72.616959,92.71
23.023938,72.621989,23.131058,72.516033,23.057606,72.698947,95.1,23.020874,72.540424,39.34,23.120818,72.602526,96.13,23.118909,72.682875,55.05
23.095315,72.552204,23.029232,72.552859,23.038173,72.627163,45.15,23.004893,72.616809,47.31,23.113464,72.674198,97.6,23.145244,72.571883,38.71
23.08089,72.660743,23.107468,72.512309,23.054013,72.591821,12.58,23.061522,72.694784,11.05,23.098214,72.64118,96.07,23.107405,72.511106,94.08
23.011234,72.563253,23.111095,72.637615,23.141094,72.629339,3.58,23.052579,72.657019,61.46,23.038414,72.519736,72.64,23.010604,72.567484,57.99
23.062941,72.523041,23.017419,72.630521,23.13347,72.524653,3.67,23.029985,72.621182,46.42,23.02392,72.60164,57.82,23.074176,72.653769,24.02
23.134968,72.517853,23.144452,72.507778,23.125331,72.676675,41.21,23.131488,72.577277,72.02,23.111527,72.674436,13.66,23.099932,72.573011,73.79
23.010948,72.520278,23.035666,72.501656,23.139655,72.575409,41.94,23.149047,72.611023,95.44,23.143301,72.683162,47.65,23.109391,72.589077,21.32
23.111886,72.644943,23.020909,72.637356,23.114272,72.529543,32.91,23.083742,72.534592,70.07,23.101575,72.632949,1.34,23.118977,72.639145,57.93
23.068024,72.519024,23.028795,72.510338,23.128298,72.618752,56.92,23.061821,72.542949,40.64,23.02695,72.609743,80.52,23.016388,72.586783,90.9
23.111503,72.628285,23.020886,72.637974,23.073472,72.565748,18.18,23.006468,72.50637,71.57,23.056755,72.502822,64.37,23.054422,72.523706,52.55
23.130741,72.557405,23.137037,72.663459,23.050531,72.519486,73.12,23.112716,72.687652,88.86,23.018644,72.566599,89.82,23.003876,72.672601,65.48
23.08154,72.527587,23.106757,72.659646,23.028851,72.689303,83.39,23.019531,72.690269,28.55,23.015185,72.51558,21.39,23.048717,72.615837,48.66
23.029626,72.601253,23.145952,72.687893,23.006872,72.521642,75.56,23.070253,72.619522,16.25,23.034271,72.62069,41.19,23.032284,72.65921,88.08
23.029073,72.55898,23.004245,72.688072,23.045236,72.679466,58.62,23.104531,72.530898,38.72,23.090232,72.554686,72.0,23.045516,72.650225,76.31
23.103031,72.597009,23.000937,72.529977,23.132916,72.590794,32.04,23.097318,72.654228,43.73,23.116254,72.573492,37.77,23.006955,72.678996,85.63
23.145684,72.537342,23.116076,72.641361,23.042919,72.647393,44.12,23.029326,72.523439,46.06,23.087842,72.638596,21.8,23.111745,72.615456,77.04
23.05379,72.674979,23.038211,72.55417,23.079186,72.574859,23.39,23.051442,72.625798,64.63,23.062635,72.585901,2.91,23.063976,72.520342,36.12
23.068522,72.648704,23.021266,72.519409,23.114438,72.544597,43.62,23.004835,72.680747,3.14,23.034252,72.681052,14.4,23.041848,72.590901,22.86
23.067002,72.632148,23.14494,72.608572,23.059773,72.597095,26.82,23.025875,72.587336,96.48,23.072865,72.641962,93.35,23.042354,72.50249,57.45
23.063911,72.516245,23.033394,72.667762,23.140866,72.564066,94.99,23.046845,72.52003,30.71,23.109606,72.697923,96.81,23.086066,72.568702,15.59
23.128006,72.679479,23.135731,72.671816,23.104624,72.620638,76.6,23.107906,72.545179,4.88,23.14582,72.62788,42.48,23.014143,72.507194,53.13
23.045053,72.614752,23.080276,72.66424,23.081045,72.513744,11.32,23.130792,72.607622,95.53,23.027003,72.687808,45.87,23.116697,72.660021,34.97
23.026325,72.576022,23.072455,72.616578,23.017847,72.667621,46.23,23.112474,72.534708,24.45,23.033386,72.666842,40.09,23.036007,72.606936,40.84
23.099343,72.572607,23.012889,72.57798,23.041482,72.521363,51.63,23.031482,72.61692,1.23,23.124318,72.639291,48.55,23.113477,72.58383,17.46
23.065092,72.555006,23.009905,72.630721,23.103654,72.533529,99.08,23.101726,72.543172,11.39,23.029074,72.548143,32.79,23.101611,72.649813,83.48
23.034931,72.542914,23.083621,72.581171,23.031428,72.57121,97.2,23.013155,72.642829,86.62,23.11487,72.5757,15.54,23.023686,72.547499,26.51
23.025726,72.607126,23.028233,72.663895,23.008786,72.56802,56.43,23.11557,72.547476,20.37,23.133702,72.691577,44.31,23.052971,72.65796,32.04
23.144133,72.69617,23.084555,72.520547,23.135795,72.508207,17.09,23.048867,72.531637,96.07,23.127018,72.507792,46.4,23.003979,72.618292,68.33
23.01454,72.515578,23.130491,72.555146,23.07289,72.527025,2.97,23.104629,72.511628,43.43,23.098008,72.635615,32.5,23.047073,72.555356,78.81
23.146168,72.615696,23.07806,72.632628,23.002558,72.666471,85.66,23.022536,72.534918,31.6,23.014514,72.695545,16.28,23.142773,72.546637,61.29
23.105672,72.591099,23.000538,72.65908,23.072058,72.632545,46.04,23.074701,72.595843,13.23,23.138644,72.572079,60.45,23.020507,72.607594,39.1
23.023788,72.616178,23.037665,72.576947,23.054875,72.519321,47.16,23.006867,72.642671,86.73,23.067529,72.522684,98.82,23.036451,72.581555,69.48
23.12423,72.536467,23.034586,72.519565,23.148964,72.682189,69.98,23.020448,72.576132,70.78,23.145099,72.614093,52.72,23.044521,72.53629,86.9
23.136381,72.504694,23.04484,72.64433,23.022345,72.668426,73.94,23.001278,72.692595,22.08,23.028357,72.512026,1.94,23.143532,72.526474,67.75
23.06588,72.518249,23.132487,72.606704,23.005856,72.635109,10.56,23.015107,72.574917,3.49,23.033598,72.664129,68.24,23.118685,72.536366,17.13
23.128242,72.57597,23.034583,72.603709,23.078982,72.552848,80.12,23.129018,72.576346,73.26,23.070727,72.613338,49.92,23.030527,72.571026,29.97
23.028164,72.616794,23.023898,72.668167,23.102301,72.642743,88.75,23.066092,72.626334,2.01,23.149873,72.553173,7.36,23.136449,72.641257,69.41
23.006587,72.688918,23.085259,72.602079,23.069059,72.582967,4.88,23.084662,72.603097,84.58,23.100033,72.617979,78.68,23.054403,72.508267,16.92
23.135935,72.565678,23.099593,72.68926,23.046022,72.59203,0.36,23.015316,72.554563,0.27,23.127296,72.507884,41.64,23.00445,72.524742,68.44
23.05604,72.553002,23.036932,72.594362,23.101814,72.643451,30.62,23.120368,72.675036,51.23,23.040484,72.651275,71.69,23.05711,72.69155,34.87
23.003644,72.59017,23.000581,72.675873,23.129289,72.571782,99.7,23.02364,72.677654,56.38,23.097557,72.656898,99.53,23.050547,72.567096,59.91
23.056592,72.578306,23.076491,72.666075,23.063003,72.64187,10.25,23.061085,72.633621,10.17,23.134223,72.695342,88.61,23.14014,72.537228,28.4
23.112964,72.612254,23.105648,72.678786,23.029236,72.660213,36.04,23.013695,72.645456,1.12,23.080667,72.6365,88.55,23.128679,72.549005,65.44
23.100128,72.612414,23.034248,72.622002,23.087717,72.651837,19.7,23.055234,72.514767,36.71,23.126456,72.643281,89.77,23.077021,72.633779,61.22
23.088276,72.646098,23.054132,72.522277,23.060288,72.564431,14.6,23.001216,72.680614,4.57,23.043264,72.613093,81.95,23.052119,72.550045,28.31
23.105613,72.555422,23.01135,72.554951,23.126925,72.561835,56.37,23.109571,72.675735,62.59,23.132609,72.625632,35.48,23.045157,72.584557,64.94
23.086777,72.637723,23.102777,72.514258,23.148147,72.621096,25.83,23.141645,72.615507,76.85,23.014143,72.500767,98.05,23.137789,72.560028,1.97
23.117249,72.629579,23.087392,72.675169,23.00783,72.669337,33.69,23.140147,72.515759,32.24,23.130076,72.605,58.2,23.030672,72.629123,64.43
23.149037,72.510073,23.041886,72.663146,23.088322,72.527543,20.76,23.115233,72.63606,8.89,23.005064,72.670786,13.88,23.091886,72.607053,48.0
23.049267,72.692791,23.089939,72.592512,23.09341,72.683547,74.96,23.03567,72.688348,74.41,23.072194,72.53937,80.69,23.053163,72.52805,91.62
23.084918,72.562635,23.146378,72.688682,23.12532,72.541364,38.12,23.103678,72.691749,46.18,23.099598,72.622722,85.49,23.115399,72.55332,10.38
23.021612,72.663961,23.099187,72.68267,23.058726,72.562643,32.69,23.017679,72.545654,6.99,23.11482,72.636501,32.39,23.083115,72.593648,24.3
23.079883,72.55267,23.134544,72.641687,23.041386,72.670168,37.63,23.053827,72.669871,31.46,23.03946,72.676302,0.29,23.135568,72.59442,48.39
23.060519,72.584519,23.069651,72.558777,23.067837,72.654057,57.38,23.053352,72.657105,18.98,23.107574,72.560675,37.9,23.0844,72.641534,32.51
23.040831,72.512634,23.091181,72.570151,23.030373,72.691806,67.57,23.111437,72.684165,11.46,23.104731,72.58665,51.47,23.097016,72.51989,32.3
23.047549,72.604908,23.109129,72.536174,23.038417,72.65713,90.38,23.017487,72.59412,79.46,23.059626,72.519845,92.33,23.0413,72.676267,84.85
23.145886,72.542514,23.062673,72.564778,23.040153,72.561855,59.28,23.133635,72.650815,24.01,23.032331,72.563297,24.23,23.123301,72.542472,19.06
23.090454,72.684096,23.080264,72.528244,23.089791,72.543477,28.4,23.005195,72.522041,35.31,23.002512,72.649057,24.2,23.015092,72.657215,69.92
23.011106,72.696791,23.037662,72.590209,23.029507,72.519604,74.38,23.05361,72.660185,7.93,23.058262,72.583417,49.12,23.052142,72.592755,69.99
23.077539,72.531104,23.137809,72.628345,23.053468,72.608236,33.89,23.00756,72.503318,68.38,23.097346,72.547352,80.73,23.145083,72.58444,21.85
23.116899,72.690839,23.060848,72.506232,23.14784,72.527503,20.22,23.142474,72.553828,71.49,23.000023,72.682322,50.03,23.033069,72.671593,72.11
23.030842,72.618891,23.036752,72.617014,23.010172,72.678502,86.08,23.045266,72.517775,42.81,23.039386,72.670128,95.43,23.118114,72.562247,52.8
23.11499,72.605493,23.097257,72.545888,23.016781,72.694935,15.2,23.116132,72.641028,35.88,23.133576,72.501474,67.52,23.126281,72.565222,37.16
23.070382,72.513083,23.096676,72.639277,23.123534,72.535679,23.7,23.099808,72.574366,59.0,23.038916,72.654962,47.97,23.097696,72.674194,91.54
23.065898,72.528261,23.143266,72.500053,23.09065,72.588358,16.43,23.048035,72.642961,19.38,23.135824,72.643204,11.02,23.028845,72.567991,44.67
23.123832,72.615472,23.025893,72.607891,23.081331,72.599531,97.78,23.047183,72.560265,44.64,23.005051,72.506196,92.46,23.013161,72.581506,67.48
23.119182,72.629062,23.030841,72.654553,23.120837,72.508853,95.99,23.016923,72.641774,66.71,23.063345,72.525302,77.7,23.099771,72.584312,57.31
23.026529,72.559138,23.011688,72.648276,23.126904,72.525391,69.28,23.002734,72.574373,42.31,23.063099,72.697712,52.62,23.119562,72.683312,74.09
23.061134,72.623118,23.062673,72.575229,23.004749,72.683651,0.9,23.001642,72.679432,28.6,23.046958,72.658441,66.46,23.065858,72.513257,81.91
23.126431,72.66072,23.056887,72.517278,23.133509,72.65448,49.65,23.146628,72.695793,45.17,23.117833,72.64861,68.14,23.050253,72.642489,70.64
23.044847,72.659966,23.008649,72.602261,23.033223,72.596203,67.27,23.090623,72.518867,46.02,23.136899,72.656224,95.55,23.11276,72.581371,26.1
23.053694,72.54192,23.099574,72.681312,23.05235,72.629676,28.63,23.131674,72.646388,29.51,23.11147,72.696483,45.34,23.14659,72.587445,68.63
23.080948,72.523509,23.086621,72.646364,23.143599,72.666763,9.82,23.055438,72.560276,40.25,23.056426,72.658702,3.38,23.00486,72.551499,51.36
23.052792,72.522806,23.13958,72.671994,23.023392,72.517885,70.62,23.038713,72.565328,27.62,23.05282,72.623922,53.12,23.141185,72.522981,44.82
23.036161,72.584769,23.104305,72.506319,23.116397,72.541762,55.44,23.023352,72.557104,12.42,23.030838,72.699332,57.74,23.08461,72.623693,4.37
23.010517,72.538967,23.139453,72.687974,23.051894,72.617149,76.65,23.007801,72.548536,84.63,23.138679,72.615184,99.38,23.12401,72.686381,97.34
23.076022,72.66628,23.147258,72.684132,23.040119,72.656591,35.24,23.092102,72.518152,41.31,23.056461,72.500527,23.81,23.12648,72.636633,82.03
23.106937,72.641022,23.097708,72.589258,23.035436,72.605142,90.72,23.015827,72.552606,57.69,23.062976,72.500447,42.51,23.013646,72.591232,79.36
23.06898,72.64167,23.036262,72.652956,23.062256,72.614567,44.66,23.14521,72.536526,99.85,23.025888,72.651803,34.19,23.043606,72.684169,86.01
23.101217,72.573413,23.092431,72.504976,23.103213,72.630954,24.57,23.035144,72.517277,34.16,23.082977,72.516917,94.35,23.02766,72.52158,95.75
23.142751,72.514007,23.068919,72.516311,23.137744,72.55376,5.37,23.041803,72.697552,34.94,23.077431,72.656309,18.1,23.078369,72.647436,73.58
23.123178,72.527659,23.122095,72.637939,23.0642,72.523459,34.32,23.004714,72.631244,85.76,23.081976,72.523277,41.76,23.073249,72.676518,85.44
23.096277,72.514571,23.054668,72.557474,23.002364,72.699633,32.34,23.011444,72.652054,60.18,23.106493,72.536745,77.1,23.143258,72.609221,3.49
23.06368,72.618759,23.042286,72.667728,23.040367,72.699194,73.54,23.014403,72.54041,73.23,23.113985,72.536596,61.46,23.029625,72.642301,67.05
23.037272,72.596954,23.016782,72.68667,23.147173,72.549741,44.72,23.016495,72.654606,17.05,23.114273,72.650865,41.06,23.027801,72.674581,30.39
23.106309,72.642311,23.125952,72.53465,23.024156,72.689297,23.6,23.130116,72.679383,38.37,23.036488,72.611034,56.81,23.131407,72.627074,20.01
23.104884,72.612789,23.009341,72.675096,23.125858,72.518449,30.64,23.12194,72.504196,40.37,23.024527,72.544832,30.91,23.146338,72.644507,79.97
23.117184,72.519311,23.148399,72.625994,23.137729,72.537872,24.07,23.101394,72.682215,7.78,23.059442,72.693585,51.15,23.123335,72.568732,64.04
23.044366,72.586449,23.111689,72.656074,23.024874,72.678309,51.75,23.106465,72.666923,93.82,23.083461,72.650914,99.47,23.149656,72.618459,79.25
23.108615,72.626135,23.142799,72.529649,23.073033,72.530534,42.47,23.041594,72.64599,38.38,23.039796,72.567371,59.39,23.001233,72.594587,33.13
23.005031,72.685674,23.066376,72.599007,23.080009,72.654921,47.89,23.054123,72.602881,25.25,23.023724,72.558231,76.22,23.051213,72.651719,79.59
23.011202,72.650134,23.033955,72.580024,23.103578,72.575848,34.47,23.140606,72.685565,45.81,23.142913,72.637228,32.63,23.094982,72.625519,39.0
23.04631,72.649051,23.079438,72.658469,23.041069,72.558836,14.86,23.060691,72.572469,50.65,23.040778,72.547915,29.28,23.087819,72.543691,31.75
23.091931,72.579434,23.030917,72.64604,23.018457,72.535868,9.55,23.126254,72.627894,64.26,23.072898,72.578402,9.81,23.140182,72.64213,88.74
23.094488,72.642051,23.006653,72.659449,23.049084,72.558203,37.96,23.076963,72.657293,56.16,23.068447,72.552438,18.68,23.111363,72.638878,96.81
23.098298,72.524156,23.087043,72.519561,23.065634,72.622513,18.51,23.08061,72.610622,39.27,23.037981,72.68631,27.48,23.005409,72.628752,67.55
23.082069,72.649149,23.102858,72.589411,23.038299,72.583528,70.85,23.075965,72.684801,40.67,23.141338,72.657241,61.5,23.082062,72.516434,38.34
23.057432,72.573732,23.116246,72.605873,23.086421,72.620399,5.93,23.142762,72.618838,98.37,23.066338,72.5126,9.1,23.028684,72.604274,70.03
23.093267,72.573277,23.039217,72.51595,23.089613,72.520443,6.84,23.099412,72.662402,2.51,23.137223,72.527266,72.84,23.018604,72.568932,48.86
23.0463,72.671996,23.09417,72.602988,23.003366,72.521573,84.83,23.023085,72.584278,11.87,23.059527,72.616977,21.74,23.050226,72.529583,45.98
23.115654,72.635783,23.093272,72.612277,23.124097,72.534245,89.15,23.121414,72.687191,62.59,23.091144,72.597317,66.8,23.06843,72.52182,26.36
23.00623,72.628494,23.031195,72.562119,23.005653,72.687893,84.9,23.067319,72.550368,34.71,23.064675,72.654751,34.69,23.129276,72.614791,4.83
23.113518,72.630986,23.121626,72.510988,23.138257,72.59971,83.83,23.133381,72.689939,71.87,23.100808,72.523457,27.68,23.029106,72.505726,70.18
23.012248,72.550559,23.025953,72.658842,23.076773,72.557867,3.68,23.08476,72.572725,41.02,23.114492,72.575296,17.31,23.064642,72.558101,79.56
23.062064,72.607842,23.001762,72.677941,23.030349,72.577433,41.73,23.131434,72.580851,5.59,23.031809,72.596871,35.2,23.094245,72.657609,75.43
23.051026,72.644798,23.028042,72.653185,23.102748,72.544156,12.67,23.023112,72.534076,52.91,23.031698,72.640579,69.87,23.093492,72.631241,19.51
23.106038,72.534178,23.019737,72.506466,23.071614,72.620463,70.0,23.024639,72.687377,59.68,23.082525,72.6334,53.35,23.107042,72.533635,82.46
23.074831,72.630952,23.087002,72.614745,23.09732,72.683554,40.22,23.070588,72.502428,75.9,23.029516,72.541619,80.48,23.052095,72.593779,44.7
23.09517,72.523475,23.049674,72.687243,23.052251,72.645509,2.27,23.016124,72.623154,10.19,23.089114,72.582538,24.81,23.043063,72.655079,31.14
23.038306,72.604129,23.10921,72.512581,23.118401,72.527691,51.99,23.14704,72.679544,47.1,23.004958,72.569946,24.98,23.008022,72.670965,30.76
23.076746,72.508733,23.130123,72.594909,23.138931,72.526072,22.99,23.128966,72.572955,71.73,23.095647,72.559649,38.12,23.138202,72.509257,54.52
23.010587,72.63679,23.010454,72.66315,23.016415,72.658199,39.66,23.038651,72.509797,9.72,23.072769,72.59403,28.17,23.029589,72.653234,80.51
23.091863,72.630183,23.142103,72.649186,23.084192,72.571591,24.35,23.05149,72.527134,90.84,23.146935,72.566346,36.88,23.078164,72.651725,25.73
23.130724,72.683541,23.103943,72.645643,23.061585,72.536165,5.02,23.134449,72.669328,54.44,23.036417,72.682741,53.58,23.044913,72.514728,13.09
23.008408,72.561,23.034545,72.690242,23.055693,72.656379,19.84,23.057032,72.506418,45.42,23.055123,72.643789,0.48,23.081577,72.629664,15.87
23.131568,72.652679,23.030482,72.505358,23.075047,72.565131,34.11,23.131463,72.623668,81.73,23.128973,72.530894,71.49,23.098696,72.515213,21.08
23.07375,72.513754,23.136251,72.573119,23.09286,72.550459,9.81,23.029965,72.590406,80.91,23.007162,72.560327,80.04,23.149479,72.694727,56.47
23.023764,72.692035,23.144457,72.553387,23.025218,72.515823,14.1,23.014302,72.65525,68.59,23.051675,72.612468,52.76,23.139843,72.519712,20.28
23.04511,72.549006,23.063155,72.514262,23.050195,72.693324,21.52,23.049604,72.581131,13.74,23.076958,72.533483,1.11,23.132,72.642182,70.0
23.097013,72.633242,23.02072,72.614076,23.031571,72.696846,97.76,23.067807,72.693036,66.94,23.078204,72.534294,82.13,23.012173,72.615269,7.01
23.00208,72.500447,23.032469,72.543379,23.081566,72.587988,32.41,23.066401,72.540821,30.65,23.100511,72.592929,90.95,23.102183,72.537341,55.34
23.100485,72.568348,23.03604,72.595095,23.118696,72.504589,58.43,23.010251,72.614456,12.86,23.04013,72.565219,30.67,23.113817,72.688609,58.11
23.024327,72.572293,23.111465,72.670171,23.049882,72.661639,80.68,23.004573,72.58404,32.31,23.113987,72.664815,12.08,23.019479,72.631921,28.41
23.059828,72.55245,23.126808,72.536591,23.099775,72.530222,27.52,23.102803,72.550005,97.78,23.057441,72.608965,59.92,23.002582,72.693248,43.03
23.144277,72.549898,23.025015,72.629205,23.111885,72.690806,76.96,23.083311,72.55258,43.28,23.03898,72.616567,65.66,23.116833,72.69594,93.64
23.144761,72.501966,23.056606,72.633913,23.062601,72.586638,3.01,23.067715,72.508028,54.89,23.037584,72.688752,67.64,23.10921,72.659947,41.0
23.065283,72.503382,23.149418,72.555218,23.072673,72.550284,44.76,23.030104,72.580136,8.68,23.100648,72.57063,14.09,23.12799,72.672075,14.35
23.089385,72.6604,23.061979,72.654967,23.105559,72.618997,44.36,23.088338,72.620793,20.29,23.062945,72.577402,92.65,23.12485,72.560256,4.42
23.133741,72.5956,23.147013,72.664253,23.046762,72.513844,34.19,23.035943,72.511579,45.96,23.017371,72.607105,87.76,23.08715,72.63635,25.22
23.064402,72.576018,23.118111,72.540661,23.097501,72.560948,84.27,23.107812,72.520651,26.86,23.068329,72.519343,40.69,23.110658,72.584449,33.06
23.057796,72.664755,23.001762,72.61275,23.072259,72.678574,65.31,23.084162,72.504899,41.38,23.122074,72.541698,73.44,23.021502,72.690688,88.36
23.075869,72.683542,23.101794,72.658149,23.122171,72.531152,78.94,23.010398,72.622048,52.96,23.059859,72.674711,65.96,23.005789,72.564667,67.64
23.039571,72.602124,23.092872,72.511874,23.0486,72.675776,84.41,23.071809,72.651177,11.17,23.002825,72.529964,40.92,23.052587,72.665599,11.91
23.046364,72.619675,23.039239,72.504491,23.112546,72.583061,74.36,23.120551,72.619721,81.32,23.04302,72.626788,53.17,23.141686,72.606705,80.94
23.046255,72.514109,23.080208,72.686567,23.099704,72.697874,27.02,23.047781,72.58027,35.81,23.055066,72.566822,93.65,23.085207,72.536888,60.67
23.141021,72.652375,23.059713,72.577261,23.128244,72.564865,63.82,23.06395,72.658257,65.86,23.004161,72.682792,43.95,23.09833,72.623502,80.26
23.128477,72.593298,23.059505,72.653284,23.054885,72.537626,88.22,23.06712,72.514882,57.13,23.071167,72.680375,99.71,23.017724,72.609232,6.08
23.100496,72.633875,23.012826,72.535178,23.139663,72.50704,31.52,23.009947,72.556626,51.13,23.033043,72.565615,80.14,23.13501,72.572969,94.03
23.116253,72.575212,23.040118,72.556144,23.095819,72.604146,39.97,23.149512,72.625668,70.15,23.136314,72.697687,28.63,23.145144,72.579524,58.13
23.049797,72.646802,23.097195,72.616744,23.060337,72.554342,61.78,23.141769,72.594029,32.75,23.118983,72.677833,30.7,23.005194,72.563168,21.99
23.11877,72.625659,23.076547,72.549238,23.059423,72.54418,88.76,23.113728,72.571405,33.65,23.056712,72.581934,8.08,23.028309,72.571593,98.06
23.073443,72.542729,23.081226,72.586968,23.070293,72.611043,33.12,23.015555,72.656448,21.03,23.032762,72.53898,30.24,23.118007,72.594501,7.3
23.002487,72.562698,23.026568,72.599008,23.14545,72.654162,14.97,23.040773,72.517102,30.74,23.147032,72.578185,63.57,23.063674,72.597533,91.6
23.004926,72.528972,23.066799,72.630204,23.085585,72.661534,88.22,23.023891,72.563064,34.9,23.144247,72.558501,88.45,23.029721,72.530855,36.0
23.019407,72.658016,23.089562,72.511441,23.018861,72.630544,67.46,23.041942,72.569836,56.23,23.060065,72.594243,92.09,23.124685,72.65944,77.9
23.135005,72.623399,23.088234,72.542592,23.048612,72.614446,92.33,23.011037,72.643539,86.57,23.058627,72.51263,55.98,23.007359,72.583212,46.89
23.026562,72.638101,23.03311,72.572011,23.11376,72.641326,21.85,23.091631,72.564927,54.89,23.118689,72.578065,22.84,23.045546,72.635049,98.47
23.035879,72.635366,23.022083,72.52383,23.097882,72.689709,44.28,23.069035,72.502059,83.07,23.134463,72.689421,37.76,23.030008,72.557998,24.9
23.069737,72.661568,23.146015,72.545102,23.054862,72.566008,71.21,23.099151,72.531174,34.9,23.020363,72.653529,61.24,23.140602,72.629215,64.75
23.013644,72.628436,23.140757,72.607069,23.024258,72.607728,68.91,23.000442,72.527827,0.62,23.126934,72.555741,40.64,23.115426,72.629996,33.27
23.123784,72.616322,23.121185,72.511525,23.016392,72.647863,15.13,23.067642,72.624601,17.71,23.072964,72.575526,11.13,23.064081,72.653454,44.65
23.071716,72.546989,23.087119,72.616069,23.032158,72.580654,63.32,23.139032,72.695508,19.83,23.073717,72.674482,35.99,23.034154,72.54936,68.8
23.112303,72.696244,23.031512,72.533515,23.065904,72.576537,28.75,23.003447,72.68291,53.8,23.125761,72.63683,22.86,23.010003,72.593405,55.23
23.067131,72.505346,23.111869,72.555654,23.14245,72.615003,16.38,23.070774,72.641946,49.71,23.121425,72.509523,81.78,23.002334,72.5966,56.59
23.021922,72.616539,23.148981,72.659819,23.039148,72.626581,73.08,23.101786,72.681846,91.8,23.137525,72.621847,83.04,23.122484,72.539941,3.05
23.036189,72.570657,23.058513,72.659248,23.003873,72.668523,23.05,23.145449,72.534279,84.64,23.041641,72.500454,75.3,23.128922,72.643601,12.2
23.148662,72.601542,23.039014,72.630981,23.111077,72.61954,76.82,23.050771,72.634853,42.24,23.134298,72.559073,97.03,23.141477,72.599002,68.61
23.091836,72.551529,23.006773,72.578199,23.030701,72.603959,93.02,23.092865,72.526294,16.27,23.050541,72.55622,48.66,23.029365,72.659139,58.6
23.079574,72.618942,23.117337,72.602959,23.023498,72.500474,6.42,23.085339,72.624113,8.07,23.020292,72.60687,49.25,23.115313,72.667051,30.42
23.089643,72.635592,23.126414,72.678653,23.006372,72.579063,14.55,23.022741,72.645028,4.66,23.13005,72.599669,31.22,23.138514,72.696373,41.32
23.057404,72.658182,23.010041,72.671571,23.000096,72.536922,13.81,23.14809,72.659216,11.58,23.023213,72.572782,90.23,23.042172,72.63515,36.06
23.009068,72.67083,23.09359,72.520985,23.144691,72.5842,62.58,23.078059,72.57073,8.93,23.018187,72.673924,77.37,23.025973,72.699709,79.51
23.006696,72.696347,23.01669,72.635688,23.125716,72.578529,41.71,23.006319,72.639205,0.62,23.14894,72.503827,48.28,23.121471,72.656663,88.35
23.047657,72.598552,23.062429,72.630327,23.135492,72.682533,15.57,23.116229,72.567902,35.67,23.133554,72.547547,55.83,23.081212,72.613618,68.96
23.040257,72.506384,23.045857,72.647004,23.010758,72.628921,9.4,23.126437,72.611753,97.27,23.076253,72.603497,48.11,23.0931,72.606687,67.51
23.094426,72.608989,23.02881,72.57844,23.066502,72.623277,20.37,23.058934,72.552043,54.77,23.149195,72.571807,80.01,23.071425,72.594865,40.96
23.110088,72.559268,23.066115,72.591516,23.083196,72.508716,51.83,23.147222,72.530685,4.44,23.000718,72.527982,12.8,23.079645,72.58935,92.72
23.055197,72.606389,23.02405,72.543752,23.036924,72.664502,20.9,23.033847,72.684179,73.65,23.012289,72.660619,92.01,23.136386,72.553466,40.86
23.095731,72.558238,23.09818,72.696293,23.123873,72.673079,78.34,23.002337,72.555207,19.23,23.14846,72.543102,98.76,23.023443,72.673429,5.15
23.050615,72.607018,23.140149,72.694018,23.065126,72.578849,55.59,23.072876,72.657012,29.35,23.071294,72.644778,56.3,23.093382,72.534241,73.07
23.108458,72.509903,23.106066,72.681154,23.093717,72.544644,17.41,23.111901,72.605564,74.71,23.098877,72.513639,14.34,23.006037,72.558052,64.24
23.062409,72.62232,23.115638,72.552256,23.118041,72.673767,19.4,23.144316,72.622379,69.06,23.089888,72.52452,46.24,23.082953,72.619464,59.63
23.148714,72.571951,23.070106,72.673727,23.084028,72.555711,67.51,23.044439,72.503175,66.98,23.069044,72.67524,76.6,23.077743,72.519363,23.81
23.057376,72.670135,23.000525,72.560842,23.119207,72.585883,70.72,23.082441,72.560578,58.1,23.06335,72.662814,81.4,23.140762,72.578029,93.4
23.029421,72.641014,23.121966,72.695221,23.051848,72.52179,62.97,23.093378,72.638775,44.09,23.01119,72.632413,87.85,23.117008,72.668506,71.09
23.095531,72.527107,23.030383,72.621751,23.028492,72.51039,19.51,23.138609,72.663181,89.41,23.096403,72.69715,32.76,23.148252,72.6919,71.35
23.130444,72.674336,23.057825,72.600427,23.049083,72.601698,9.37,23.118574,72.530517,25.89,23.093192,72.664486,14.12,23.007589,72.580657,61.75
23.049614,72.57577,23.016034,72.605319,23.125647,72.520954,23.19,23.07344,72.559756,14.13,23.101782,72.575135,45.26,23.07586,72.53689,90.56
23.075716,72.634284,23.00377,72.551589,23.108408,72.51353,5.76,23.083248,72.662927,40.06,23.109589,72.641385,67.16,23.146253,72.643361,20.89
23.148958,72.614326,23.10946,72.565284,23.116691,72.635563,10.09,23.062285,72.676327,47.18,23.128088,72.594463,40.22,23.088305,72.619604,94.52
23.14247,72.675446,23.10059,72.500422,23.038676,72.639042,23.37,23.122251,72.59723,39.89,23.137835,72.699412,20.36,23.091085,72.588753,12.52
23.142983,72.54696,23.138888,72.53684,23.127389,72.610224,73.68,23.027423,72.539521,31.63,23.101284,72.534413,96.64,23.075534,72.697079,95.9
23.130494,72.64934,23.131051,72.581319,23.073335,72.655241,74.21,23.111894,72.67681,72.51,23.010398,72.633599,40.06,23.044411,72.603146,28.06
23.093405,72.665536,23.116619,72.599822,23.147982,72.665503,83.46,23.046147,72.525519,17.06,23.122023,72.527492,91.61,23.038449,72.503436,20.27
23.036732,72.609147,23.140188,72.509551,23.048481,72.527027,48.57,23.026181,72.668533,95.75,23.022998,72.55182,79.86,23.02854,72.661087,64.56
23.004872,72.662204,23.089293,72.638463,23.033716,72.616417,5.81,23.06907,72.582354,65.15,23.027986,72.602665,51.27,23.100462,72.536512,48.24
23.089823,72.588912,23.122591,72.573313,23.096811,72.587587,0.48,23.021438,72.593566,4.74,23.032059,72.689093,98.02,23.006982,72.693713,75.88
23.059782,72.615538,23.061775,72.686699,23.053199,72.515217,94.59,23.028853,72.629444,6.54,23.02504,72.56717,82.93,23.12679,72.588734,30.15
23.022505,72.522872,23.052135,72.615546,23.039687,72.618865,74.71,23.040249,72.639322,26.61,23.14483,72.671308,29.6,23.041825,72.583495,15.4
23.043082,72.525769,23.127615,72.537067,23.046727,72.527292,16.46,23.069808,72.567023,37.6,23.053005,72.530263,18.08,23.054705,72.573638,2.99
23.001474,72.6507,23.0951,72.695092,23.070719,72.600051,1.25,23.019041,72.588454,38.97,23.138326,72.591626,55.82,23.065875,72.651425,9.21
23.090321,72.505219,23.087203,72.577394,23.141524,72.611589,59.75,23.073461,72.636513,93.19,23.015774,72.626828,99.31,23.095205,72.625213,96.96
23.00416,72.662749,23.065497,72.583948,23.141788,72.618322,41.92,23.0812,72.515828,52.8,23.136957,72.675703,97.63,23.069948,72.519183,94.75
23.127415,72.67407,23.124933,72.633784,23.04206,72.59479,90.67,23.113201,72.518903,99.77,23.097624,72.697682,27.92,23.069336,72.506216,53.45
23.019037,72.51885,23.015847,72.511717,23.082048,72.694016,55.0,23.105898,72.666476,66.54,23.040371,72.633681,29.77,23.011494,72.65779,75.2
23.111899,72.643524,23.121729,72.613336,23.138564,72.628778,71.61,23.078986,72.541294,88.35,23.073638,72.651009,61.11,23.138942,72.528615,61.89
23.014248,72.541397,23.09603,72.607339,23.005074,72.605864,80.5,23.112481,72.543601,56.31,23.116168,72.594881,56.44,23.034363,72.527341,56.61
23.001802,72.573422,23.07152,72.59272,23.072482,72.696677,48.15,23.041139,72.573662,67.16,23.00787,72.550834,83.05,23.011526,72.500763,35.94
23.100689,72.536193,23.125373,72.646645,23.136158,72.622724,54.07,23.062609,72.563354,7.1,23.120025,72.531975,84.56,23.094231,72.548302,63.25
23.12361,72.56791,23.087846,72.537736,23.012271,72.572937,78.36,23.002093,72.586032,50.71,23.059421,72.506497,1.77,23.059346,72.636516,91.55
23.131354,72.620492,23.018303,72.511979,23.093623,72.662262,81.9,23.142798,72.536278,82.37,23.069938,72.54112,66.29,23.148431,72.617007,25.46
23.087312,72.55241,23.124488,72.620092,23.112299,72.55306,16.19,23.013852,72.620224,6.68,23.050975,72.596446,7.25,23.064877,72.63067,56.51
23.083198,72.64204,23.131029,72.60495,23.003967,72.599354,74.64,23.124283,72.511549,37.65,23.050776,72.688246,65.28,23.039121,72.623241,87.32
23.134269,72.677093,23.09563,72.509115,23.097737,72.527723,84.6,23.102364,72.598482,59.93,23.061372,72.641179,34.15,23.137915,72.584848,19.85
23.00525,72.699561,23.130391,72.524416,23.073596,72.628397,89.24,23.004251,72.604961,43.21,23.11572,72.544543,99.04,23.068461,72.674716,98.77
23.005022,72.504113,23.065998,72.523679,23.132139,72.653885,22.98,23.126106,72.67469,4.43,23.14286,72.508111,2.64,23.058471,72.691247,60.83
23.018535,72.521998,23.045566,72.523107,23.125219,72.627667,93.43,23.133766,72.607769,24.48,23.133989,72.542064,55.63,23.101342,72.652239,75.24
23.059417,72.624396,23.048184,72.67993,23.015927,72.624241,43.75,23.132219,72.562552,58.38,23.015198,72.588469,66.55,23.071423,72.600376,11.05
23.027484,72.500319,23.085446,72.561187,23.013059,72.546217,48.15,23.105733,72.562819,41.2,23.138711,72.641172,69.29,23.045362,72.627414,18.32
23.053401,72.680637,23.029996,72.622733,23.143068,72.643833,42.81,23.082679,72.676195,81.95,23.084272,72.691223,38.99,23.022979,72.568992,28.39
23.00682,72.671371,23.065237,72.511788,23.069484,72.536627,51.33,23.023359,72.657445,93.91,23.051373,72.590605,54.19,23.094146,72.657971,23.22
23.117279,72.690643,23.122975,72.696026,23.114434,72.61594,48.81,23.139874,72.601124,92.8,23.058826,72.640878,78.22,23.095137,72.637903,80.4
23.093144,72.517346,23.077025,72.508176,23.010158,72.649088,63.88,23.019545,72.569498,32.3,23.125188,72.500274,7.26,23.115276,72.653453,80.64
23.097275,72.618386,23.064978,72.599542,23.069542,72.635677,49.5,23.042527,72.542069,99.99,23.126675,72.677243,95.31,23.041017,72.515412,85.81
23.047797,72.526649,23.105871,72.671615,23.058915,72.6477,45.5,23.09409,72.541209,81.12,23.116857,72.540719,33.23,23.07097,72.595153,33.47
23.094364,72.606869,23.051816,72.627053,23.01663,72.660784,18.25,23.114126,72.577068,76.08,23.148236,72.560421,76.7,23.119506,72.54153,27.96
23.049505,72.685436,23.096189,72.644201,23.086589,72.629458,82.1,23.082587,72.621174,74.05,23.022865,72.583555,14.56,23.106543,72.659153,82.12
23.107658,72.697053,23.005945,72.664698,23.129246,72.635864,10.57,23.058325,72.513595,35.31,23.04585,72.6956,29.0,23.012937,72.621366,71.37
23.131332,72.501253,23.054778,72.582007,23.053125,72.52375,88.39,23.126942,72.545461,5.77,23.045646,72.64792,69.9,23.049864,72.618292,70.31
23.13921,72.634468,23.132209,72.522252,23.024929,72.69312,8.88,23.134663,72.581824,35.36,23.020513,72.56512,96.73,23.058848,72.570466,21.13
23.030024,72.695909,23.042663,72.609111,23.121008,72.500244,71.81,23.138275,72.501316,89.42,23.131131,72.673874,16.65,23.04417,72.638132,71.22
23.107419,72.56559,23.141152,72.549842,23.076279,72.510346,87.18,23.119085,72.626504,0.31,23.092223,72.629104,55.67,23.121054,72.603905,29.97
23.132196,72.660382,23.143581,72.512261,23.06024,72.687015,29.52,23.076659,72.588222,2.05,23.088047,72.607151,10.49,23.024661,72.615366,40.62
23.077416,72.685716,23.109529,72.570132,23.029376,72.505699,28.52,23.097078,72.565413,45.84,23.093142,72.57321,60.06,23.137105,72.610202,22.07
23.147761,72.669482,23.117816,72.576004,23.08034,72.582402,44.09,23.087824,72.504308,75.83,23.046682,72.580454,30.54,23.093788,72.535039,97.83
23.070836,72.6743,23.016466,72.560801,23.032778,72.535814,79.43,23.026893,72.548009,93.88,23.091001,72.557024,12.56,23.139551,72.553789,43.85
23.036797,72.566403,23.047969,72.526805,23.124484,72.642307,32.27,23.138847,72.637287,9.21,23.132251,72.512201,33.62,23.073547,72.563737,51.48
23.017892,72.697224,23.068812,72.576218,23.147728,72.602185,5.68,23.061393,72.659591,37.41,23.099,72.546698,7.45,23.004145,72.692898,33.74
23.138309,72.503502,23.02664,72.621726,23.071407,72.657744,93.4,23.136578,72.526203,56.58,23.005017,72.665661,69.82,23.007018,72.677823,62.5
23.139724,72.651286,23.00029,72.557547,23.102627,72.65162,1.93,23.014475,72.6878,47.42,23.003881,72.668934,57.27,23.129118,72.639987,5.93
23.059113,72.665766,23.093918,72.525719,23.045771,72.634815,35.89,23.044704,72.595371,61.38,23.083731,72.623936,37.48,23.129455,72.603093,4.68
23.076302,72.638945,23.029477,72.697644,23.059482,72.53415,58.49,23.139637,72.556376,82.78,23.068446,72.570901,90.81,23.074719,72.596499,71.15
23.101377,72.598309,23.13746,72.585997,23.075305,72.532723,60.72,23.039256,72.643309,5.28,23.039413,72.637464,3.45,23.000722,72.58613,12.78
23.045562,72.691912,23.055442,72.696775,23.132483,72.627477,71.85,23.015636,72.608841,23.54,23.125492,72.507879,35.96,23.043283,72.544854,12.23
23.144779,72.588023,23.106177,72.633752,23.11936,72.629045,57.51,23.040805,72.631847,35.35,23.058336,72.533069,74.37,23.11233,72.645256,65.46
23.058685,72.659576,23.074566,72.591503,23.147884,72.508556,0.3,23.146879,72.515446,6.22,23.012563,72.54272,68.04,23.138863,72.501178,64.35
23.029833,72.624593,23.006162,72.604239,23.147502,72.543325,65.2,23.100308,72.549804,92.85,23.048968,72.596872,78.93,23.003546,72.565421,87.47
23.115121,72.509957,23.041392,72.57651,23.036691,72.550941,31.27,23.061854,72.699497,12.23,23.066542,72.616405,8.5,23.112004,72.514836,45.21
23.012477,72.586456,23.089953,72.532958,23.014725,72.534466,0.49,23.043975,72.693391,79.42,23.114118,72.659258,75.29,23.113534,72.61943,5.59
23.131187,72.565471,23.068868,72.61685,23.018987,72.602584,98.95,23.109052,72.680877,96.58,23.036878,72.65029,37.9,23.022452,72.629635,75.88
23.0091,72.540618,23.051276,72.693835,23.042786,72.519793,92.61,23.036134,72.560154,47.81,23.060345,72.517598,50.99,23.061291,72.504496,89.95
23.055996,72.59846,23.101786,72.681468,23.037627,72.669212,94.6,23.086666,72.529674,41.9,23.077648,72.570972,15.37,23.103652,72.540037,78.66
23.046214,72.538476,23.042657,72.550043,23.114483,72.537802,98.87,23.128107,72.689015,56.28,23.110378,72.633366,29.83,23.026607,72.636236,6.58
23.036187,72.682553,23.06951,72.602688,23.034369,72.537287,13.55,23.080738,72.613991,16.43,23.124038,72.593789,25.5,23.130894,72.649135,86.15
23.037821,72.633324,23.006113,72.645642,23.145869,72.521623,80.16,23.064746,72.532497,54.82,23.134513,72.683755,26.88,23.011793,72.680263,9.65
